sep=,
"Annotation,example,by,illialykhoshvai,Annotation,example,by,illialykhoshvai
index,exp,sin,cos,log2,log10,log_e
0,0.9566457093171408,0.39520634644327723,0.831701467063947,0,0,0
1,1.629931113893503,0.6409404795108603,0.5197127808083009,-2.374711615292014,-0.4728260855530513,-2.0631441567877817
2,1.7640855155406654,0.08175584935910235,0.9150970134926762,-0.9173427650366487,-0.43912208245924633,-1.1495397100559344
3,1.440594075338175,0.4889924267557537,1.0436083201438802,-1.06002841107831,-0.051363857926278206,-0.6605892576173884
4,2.179069901560822,0.4671993546150319,1.1738276780860417,-0.5482951035310353,0.26404264617695333,-0.20480318349734206
5,3.124217877783074,0.511825564541003,0.6350233363515728,-0.24033802067284982,-0.4077184051353496,0.11337762574807686
6,3.786322400260379,0.9900758601098942,0.2223449482713068,0.4217724364861899,0.2955187233504643,0.2542466388440616
7,4.406436686583256,1.1251426191537182,0.36758532573547675,0.623229038899431,0.2080827555961276,0.4118430593923807
8,5.074748305443325,0.6344995878681109,0.08679509982975268,0.903906599442431,0.5882079970403389,0.6360064854902836
9,5.567304410581521,0.6415156531008889,-0.6990630365913442,1.2896989074287817,-0.2084896705109041,0.9843722679860528
10,7.507298230718353,0.8716410166514603,-0.8555997859464157,1.3226504294894705,0.08107194175989835,0.24027388553763374
11,9.270242437313925,0.955122536808342,-0.9305948077727563,0.7791543424887327,0.2678407455731895,0.7381187035172444
12,11.31026859395103,0.8381850760498001,-0.3863237578837537,0.8179291391946943,0.5573034679146441,0.3936480144084987
13,13.061488906704275,0.9635279718815001,-1.133639782829703,1.4975403414004427,0.7307615544596124,1.4177507724647795
14,16.27592621407861,0.8096496133476592,-0.7535963259535908,1.191196408037088,0.3869882233850519,0.7642813185924278
15,19.79497205859462,0.5731070520054988,-0.5185166513949987,1.2505302121968866,0.4573879752314272,0.9766704215825294
16,24.404414041987312,0.3724605261469617,-0.571843857232554,1.4615997984086997,0.2725852460007602,0.8706825964862308
17,29.88485604178083,-0.558109356717211,-1.3239829082706152,1.2994102673868595,0.670761239455076,1.1932880246966784
18,37.002798218455794,-0.32666143106176576,-1.0697762461891749,2.2579313600304807,0.7411243380469763,1.2360916776061197
19,44.65289654764654,-0.681093680277202,-0.9006882401007285,1.7532437514177563,1.049848868500147,1.1140916703951957
20,54.95606343087556,-0.9935876991207067,-1.0499631836584693,2.27565372409664,0.29528506693145185,1.4026085772845311
21,66.18805626583274,-0.8413034492581929,-0.38258247411013163,2.439477999964025,0.8213168355518462,1.2392986778419552
22,81.61061792437835,-1.036778946686424,0.13106463171044247,2.4720614738138904,0.18336634021852172,1.8339837835263364
23,99.19532876292652,-0.5253699200393898,-0.5156756992962322,2.325603509351522,1.16134682447254,1.9096070250852644
24,121.8601772174974,-1.3043600495432832,-0.33845982077007586,2.1386789539754405,0.5132048121151199,1.2006081731423421
25,148.62798514364562,-1.4583778591429233,0.06050978917396693,1.8877731698959104,0.46803910551926664,1.5429238255397473
26,180.83789252591512,-1.1209565435353683,0.44393690129170593,2.521304476244098,0.34274573822465193,1.752016974774317
27,220.99173471458855,-0.7630307889924489,0.4443455879585466,2.0833533446078087,0.47600228442899384,2.010728765104121
28,270.0388325783825,-0.43629578783967116,1.142339967686894,2.9203400464711566,0.9229552092133753,1.918220420507272
29,330.53595527856635,-0.2858125027042674,0.8438596612920378,2.774349383076859,1.2608280783916195,2.2440181183743415
30,403.28440915611674,-0.6387763298219005,0.4768003906747791,2.6093797461170753,0.6703191345385814,1.3525633240310957
31,492.6027133509488,-0.12386102511727455,1.087047201911341,2.938176285986625,0.9649824215059148,1.4747001477851058
32,602.1827775927526,-0.31078807915909584,0.8419950945167203,2.730910619559611,1.1763821534234387,1.3729667450249186
33,735.5005452568014,0.1621838734990057,0.9930308017979503,3.074679777629785,1.2523529122303922,1.8072585216083603
34,898.1619975090138,0.6285799405151768,0.44219960900037936,2.4732145994922363,0.9116845311304198,1.684423735466448
35,1096.181066487793,1.026190990816299,0.7349506574570895,2.677463555756756,1.2368178125746128,1.7555285587282428
36,1339.5578248532722,0.48205606465710615,0.41075655001787437,2.5999011712860445,0.8555955495673143,2.3501359408870646
37,1636.471136506589,0.7301373083973738,0.11120019000775166,3.2388021704493597,1.0979225238805412,1.8680671691301427
38,1998.3869889370308,1.3145043870392263,-0.13179764478234596,2.719971176622701,0.78086856604537,2.305726669353197
39,2441.101786067232,0.9535198871591758,-0.17460355869588656,3.0964239220897958,0.5021992318364369,1.9335714178364187
40,2981.0761614071266,0.607262534089091,0.18030423364406045,3.4104157791753678,0.8849349818361463,1.6578467691326537
41,3640.6452358174347,0.7379942848964862,-0.6266678347461018,3.0671200418759956,1.3175937428868791,2.316933396127646
42,4446.941724799499,1.288289625276815,-0.5529571339633581,3.2520943476260653,0.9557121368678817,1.636945192405348
43,5431.191899048265,0.3318830815970567,-0.7836243344305137,3.488145852073298,0.7490912880902862,2.4581056225941773
44,6634.550022416448,0.8580369276749151,-0.5759647307790968,3.4377406431007222,1.0296628483691261,1.9874346020508231
45,8103.236834342555,0.849977560985163,-1.3400949824764383,3.600317900642423,1.0646983396232397,2.45733972318999
46,9896.767393297736,0.09906074636601739,-0.5075891448955351,3.4986603346192773,1.33826122846602,1.8348824661194847
47,12088.144104378225,-0.3926080968059662,-0.9440108466695725,2.7841668676698728,0.938486590380347,2.078739622451757
48,14764.502540600619,0.17309510675234105,-1.0233531084720509,3.375668606639254,0.869645001747438,2.1508995734063365
49,18034.040445181694,-0.48158473637849564,-0.7780619628577224,3.659752965240907,1.3013209479159076,2.7413994692441968
50,22026.004779643165,-0.13819124434226548,-0.8479177375266191,3.3663708776801466,1.338959627135599,1.837021595748078
51,26903.238903792444,-0.4943462957363296,-0.9645792717464416,3.319120879265931,0.7480888010128526,2.5829995782915534
52,32859.63374631412,-0.5390601289065725,-0.9939809668861971,3.253962792757936,1.1237466382813486,2.5147200842618114
53,40134.48793873578,-0.8158701701360758,-0.5653561609029834,3.6848170229042774,0.6790553062727612,2.128878121555261
54,49020.73297121399,-0.5513177823392186,0.12835195324689272,3.3043933251733333,1.1784152686028073,2.2393066363612926
55,59873.84086139256,-0.8441737704456838,-0.10657823598423036,2.974122646259665,0.6732459070991217,2.84756752450202
56,73130.81915551295,-0.8955986863689386,0.07738436929587714,3.583760620901703,1.518281076456785,2.656938845317808
57,89321.52116931902,-0.5353088003613794,0.5516485372552961,3.2946590383324246,1.3398586771803132,2.1197413595710857
58,109097.75171654523,-0.4524981657308482,0.4428228450978563,3.9591780859864065,0.6193445612445929,2.425256823723102
59,133252.1116155785,-1.12011586784297,0.9636470222770172,3.5266969204021237,0.8859120607283303,2.875016113731828
60,162755.17024157252,-0.9756572516622848,0.47917693724798005,3.7452350195733333,1.5226428533482532,2.218373955024948
61,198788.89475468293,-0.0879327881301234,0.959648057516271,3.795242822706885,0.8148848801577194,2.679249402287758
62,242801.48624029043,-0.6119354471266883,0.9472702595045183,3.876910733254813,1.1494884578227853,2.5161698446211274
63,296558.94942036096,-0.399024981580618,0.7149257550459299,3.5268160849430177,1.4933102218661414,2.8505649593894677
64,362217.1029245525,0.5877341940189186,0.8273205229783455,3.2348028979323464,0.6781823101558975,2.5151958727495916
65,442413.3403674429,0.18837691743568508,0.8837266899320192,3.8843321456999353,1.3661391780940324,3.0011620960598346
66,540364.9441791611,0.10480648287259453,0.915797481534908,3.3423426642018343,1.365724391760574,2.1277977320023735
67,660003.5620310665,0.6958543741405004,1.1563877857796125,3.509376083561862,1.5578490256081183,2.502182854896045
68,806130.0582258716,1.3401247875575646,0.08254055682191386,3.9847285943043294,1.2302551159467394,2.8440390186954643
69,984608.8209674032,0.8038880906475891,0.2652639012640956,3.684406369236129,1.294666231402837,2.761343948695788
70,1202603.8509348384,0.9031114384154628,0.5686120420366295,4.102692771613682,0.8584174343364287,2.598727151177207
71,1468864.1045802124,0.5442017309756388,-0.4921164935643092,3.490944823708239,0.8805134372392239,2.9848848018918175
72,1794075.145373556,0.970582638318837,-0.7055256297203609,3.7019941757425254,1.2948489163908554,2.833773386826252
73,2191287.9958366826,1.1506595379539015,-0.5504680651223686,3.5273673229226987,1.2813399522502638,2.966148839465414
74,2676444.57821203,1.0914338140968618,-0.5373954809852952,4.046365991075,1.2517673685930721,3.0822765475968135
75,3269017.6374825425,0.6956781353510141,-0.4305689082966526,3.5551945295547367,1.419266975079474,2.8747066557743852
76,3992786.577458428,0.6723124347561699,-0.7583923485541041,3.431621289646167,1.2176001982916298,2.588524701630451
77,4876801.233469625,0.5413211689960471,-0.8871436213678515,4.091749286373829,1.2659507611311214,2.743285209038631
78,5956538.42156399,0.22741733792304158,-1.198297015926828,3.9396126621828613,0.7204658861718867,2.8696950653494198
79,7275331.621234941,-0.09359003529577603,-0.6962509549734712,3.980822419539625,1.3199398487752567,2.4334073248239445
80,8886110.131649183,-0.36723059988335516,-1.1887465296849387,4.2426106995078285,1.106536689800257,2.944809645616065
81,10853519.411737125,-0.8040041364276957,-0.5622488154812049,4.503433682356031,1.6732462379946078,3.1066991937040567
82,13256518.789112655,-0.8041308676182792,-0.8836161390407725,3.89167894256187,1.2503017949188449,2.466957651343709
83,16191548.89600545,-0.6541695955723758,-0.8591317688929255,3.8023792645137493,1.259316189313414,2.461802638007904
84,19776403.080176607,-1.211695253533581,-0.3928343302732316,4.343995304352499,1.2464832444890273,2.505863492211902
85,24154952.418130815,-1.1557949310715991,-0.18688233708005936,4.076762439728252,1.165549708990408,2.678429673745311
86,29502926.06379365,-1.1784444030284664,0.4174211541212649,4.232882469311403,1.5253556514125266,3.1795160390575035
87,36034954.863470554,-1.466174030108117,-0.06892892898660885,3.694021319508857,0.9005482139597861,2.436199340811763
88,44013193.083084285,-1.391803839590473,0.8155743748857734,3.971775425645903,1.0124669041784091,2.9121489350505243
89,53757836.18539885,-1.0145323793661127,0.1289071664646615,4.314790316484452,1.2661912094652847,2.5335437647319843
90,65659969.47654278,-0.5283616930432169,0.3121631634592378,4.21996617760532,1.2954826627683067,2.9856044766554657
91,80197267.84554325,-0.884126090962065,0.7079529697497763,3.8223426781356715,1.3121111643909225,3.0709510109291203
92,97953163.65199143,-0.45020978851215143,0.4721117137706119,4.115602130499589,1.2879171828684117,3.3098871042511946
93,119640264.68130091,0.10869428338389725,0.5251462058824345,3.997772767925854,0.8733585700508971,2.795884395291022
94,146128948.61370835,-0.024690967857299788,1.3148401418983866,4.3494440970642785,1.2020251444635366,2.880424083884088
95,178482300.75551215,0.2881177621534726,1.380518180381406,4.582988427745467,1.0839701211123622,2.557860579039417
96,217998774.6321101,0.30121783367403404,0.7545559988973037,4.239510434414514,1.601199874261615,3.031561761556137
97,266264304.3982837,0.11936453423823401,0.4253289883947542,4.726811680993849,1.2304858701804375,2.9966736237923186
98,325215955.9754964,0.2999035668394694,0.9042949138297087,4.692840509996893,1.4325582661376985,3.0264100688108893
99,397219665.7558987,0.7865323460037675,0.3480563377803484,4.2957617445806004,1.0823551429719482,3.2493993690787666
100,485165195.5362124,0.4764600145138822,0.45856692570284,4.79013582368148,1.3237024554837413,3.3102353614472197
101,592582107.4883206,1.3606183818434125,-0.27212440727996706,4.146276593614552,1.2154853003686081,2.7452261299427274
102,723781420.9328924,0.7558352284820046,-0.0013668596112060144,4.795045858887772,1.1759137633926184,2.571808098780693
103,884028624.0060834,1.47185630477016,-0.6579493943099936,4.1296691201244276,1.4842952886332732,3.485583121856375
104,1079754999.8172479,1.0963076636757876,-0.630240129918038,4.6791005410373865,1.4628762154787747,2.911605021183313
105,1318815734.016789,0.986308564157081,-0.8985134999882114,4.548147081620642,1.251160144450624,2.911579161349062
106,1610805175.384365,0.7802832783663436,-1.010317128742836,4.111568033891324,0.9308351340944336,2.9685969610280907
107,1967441884.009133,0.9667162320979606,-0.40408889936489745,4.808158781763523,1.6234842452112621,2.592368374210678
108,2403038944.2448907,0.3158021364464269,-0.8694921978284994,4.140433945967454,1.070717041288399,2.8260855648636456
109,2935078394.131596,0.5278513170319783,-0.6639422872602286,4.19235104657593,1.277034633439518,3.157180281675849
110,3584912846.0519404,0.14190509350929195,-0.6287078399936672,4.237951536042267,0.9346579313444836,3.342454477362285
111,4378622438.19569,-0.5876343985522179,-1.063604334046134,4.203893257468648,1.7626727378462699,3.4416199061598642
112,5348061523.074218,-0.6910319270183765,-0.6169564852145741,4.370822082485853,1.0223977093303462,3.0088222793864814
113,6532137094.85194,-0.5729165144686457,-0.7217058943497842,4.50842042303422,1.7001402661985134,3.449845284474122
114,7978370264.516907,-1.0814390279214297,-0.2619226124605708,4.122488520021943,1.2596715390826452,3.2620803954126116
115,9744803446.045362,-0.5820441261495766,-0.5921881006910811,4.978872330706694,1.5918367454943296,3.253741325433679
116,11902329807.099457,-0.5809570291543563,-0.24663087414798102,4.954870224184834,1.5033075381563588,3.4002458113014686
117,14537538454.660494,-1.0198955789598112,0.0371059452422719,4.687958353211855,1.709095945260081,3.6247901424272744
118,17756189565.493256,-1.3940231736780309,-0.21622605178347287,4.340380307519134,0.9544467486085693,3.601777060758847
119,21687458909.789955,-0.7742887407375988,-0.08714026799214636,4.223331133773638,0.8947249290286224,3.1790354173861903
120,26489122129.948315,-0.9368305951476631,0.5168499624045562,4.948116966344417,1.7596551851185729,3.3724199749224155
121,32353886830.443893,-1.132133065323591,0.7205082584311764,4.125804364382947,1.0896872151444843,2.93441179613517
122,39517126612.62436,-0.39795579653675317,0.9139230036472851,4.507205153231466,1.6661914332723322,2.8285902947378174
123,48266327438.83904,-0.8469484518308988,0.6948450514327444,4.942374109943389,1.8266873962788979,2.908586916697611
124,58952625459.992386,-0.20297821893271673,1.3207492201485551,4.733866138526146,1.5814139432694336,3.494204366447517
125,72004899337.4203,-0.33964030722243255,0.8778210112514561,5.071231880325269,1.320590520262329,3.19020894803631
126,87946982651.59906,0.11420912453924562,1.3848637634080485,5.019763350254363,1.609126931090814,3.4901626880918277
127,107418687182.76933,-0.07285331330613104,0.951267948925899,4.492372356121496,1.2585579094136499,3.3660048889644143
128,131201480802.77335,0.4310542862745683,1.0567047251315267,4.981397976108084,1.0349423661597221,2.8589794444027974
129,160249850526.84647,0.7260358083264938,0.6271732085144464,4.961838035571755,1.866730293762663,2.8623599018375097
130,195729609429.24408,1.042325826902415,0.3435788633784548,4.495947827618073,1.5566629597654682,3.524553626033395
131,239064684810.04532,1.287479348323549,0.8392571201908039,4.2732386422952,1.3466349947867857,3.369216187001432
132,291994265405.2587,1.0817482042016429,0.4439574839999569,4.710156223478628,1.0201826859369714,3.3951275962431486
133,356642601133.208,1.0751234971947203,0.07276062404353525,5.127542237951297,1.0293408313946508,3.0942544575392494
134,435604256701.45795,0.6668128695673912,0.14368323612670975,4.250439618827344,1.8039179850689706,2.864866131270386
135,532048240602.26697,0.9190620867700282,-0.642652115162734,4.871990718560921,1.7809515083810643,3.51738034901159
136,649845188545.5454,1.2318464165261376,-0.08902087115557411,4.276343052726624,1.4287734992877907,3.6976557447648513
137,793722705666.6857,0.9423774358002514,-0.5639784121806554,5.169387261059582,1.5094808575025,3.777142348529854
138,969455101915.318,0.47316199896640887,-0.6447765985282939,5.113885533171336,1.111670280957479,3.498309694933632
139,1184095135391.5896,0.11560203674810526,-0.5467234246407235,4.762751472227758,1.8720589820057822,2.915492261017956
140,1446257064291.8816,0.7343208471423021,-1.233305480398133,4.572190927900589,1.7850502186347024,3.0214129563000975
141,1766462367334.4727,0.5225014725485604,-1.296094330421273,5.139933751307407,1.941040732076618,3.430266232510301
142,2157562007648.1443,-0.2540673900619538,-1.0256396516640323,5.20921445788993,1.6943956519849972,3.157090344454182
143,2635252187043.5605,0.05285736364297061,-0.8478114714494733,4.962612934632985,1.8041794476381545,3.758247152895427
144,3218704289701.5674,-0.9006014302895823,-0.7744030321634993,4.973691647745502,1.2981755577418541,3.857733659193319
145,3931334297143.8594,-1.1249683000220974,-0.5730838220281353,4.753985432834732,1.6437905412614384,2.962715704798505
146,4801742553781.672,-0.5319998996355806,-0.29927950690957894,5.189686069294348,1.6576660982935287,3.262725569091456
147,5864861599164.112,-0.992479809032927,-0.28303094613974816,4.426067061014556,1.6013524083024073,3.3695525529055703
148,7163358133446.591,-0.9637015767047282,-0.5546635828134789,4.659818328821552,1.9533080055916079,3.584152838700776
149,8749345381880.178,-0.8614278548393591,0.2726318702718833,4.979421213444643,1.9076531019089327,3.509225707436828
150,10686474581524.219,-1.3552826082741687,0.5085122074536632,5.358279056537115,1.3997137761928171,3.890153643767353
151,13052489528882.434,-1.118269293080946,0.6425927746610638,4.845428952170257,1.0898953344796287,3.5781092923735724
152,15942346711433.8,-1.2490251141187567,0.9227147986331897,4.642933893876438,1.271587529758148,3.534662932298615
153,19472026244890.58,-0.8190969342061143,0.23629163146838927,5.376189814471539,1.6753259335432842,3.766546225071064
154,23783186562477.426,-0.6681334779842191,0.3397336860341711,5.06671128707798,1.222305718726766,3.2738975134282238
155,29048849665247.727,-0.1410388167469721,1.0840436924657264,5.451494920750294,1.0198649105485398,3.200963758317558
156,35480345102513.35,-0.17753403862479233,0.5076026028107813,5.359408946885411,1.509284647553112,3.0186153831795233
157,43335791368683.93,-0.4197353810651792,0.9773940493281781,5.124841275535285,1.8604567680907143,3.2270401242208786
158,52930455104765.02,0.38604353946003583,0.8554747568679976,5.470720272166874,1.7988686218803513,3.086800921532082
159,64649403855632.836,0.05016124365299318,0.49513169522652334,4.727733848004467,1.3656886351004693,3.133559062325363
160,78962960182681.08,0.9167389893973747,0.9210334912794124,4.937681197848834,1.2430419868749485,3.389260566643075
161,96445577359617.67,0.3265721935786058,1.1321481358122467,4.690300298311247,1.0730217615224293,3.2211698818953693
162,117798894199386.75,1.1048909072751991,1.030097497422892,4.8156891022237085,1.208971308044843,3.2556326556223754
163,143879894283349.53,0.49328377523629185,0.05723923867094177,4.945028685936959,1.6102802637510072,3.0199140586446656
164,175735299721476.22,1.0631873843638338,0.22806970027229012,4.756014959430262,1.653495997842739,3.9729207093292205
165,214643579785916.4,1.1667094861852467,0.3102002654685311,4.767898530317697,1.7949569537562529,3.7930293901825203
166,262166260371890.72,1.1760728409450922,-0.2163024719675034,4.73907924996941,1.193942314100135,3.8253352523230744
167,320210593514763.7,1.4108499749250156,-0.4352970521219929,5.037887392393071,1.9205116493194314,3.363774204611251
168,391106102111038.44,1.19948100210439,-1.030543257935896,4.623057115356087,1.177422852870965,3.8015821725816874
169,477698071851693.6,0.9929361208667898,-0.7501928787859479,5.575224574934401,1.9533721744184898,3.40582016962803
170,583461742527454.4,0.6557240583028286,-0.5425252322029984,5.164955327754798,1.396320819107605,3.8931949120550335
171,712641781603973.8,0.22562071767857755,-1.37537369195446,5.497607821758567,1.1611137365246138,3.4447327022317067
172,870422637631267.6,-0.29647303640975464,-0.6136290764112986,4.903849810307442,1.1990334962832359,4.015744898387597
173,1063136610367883.2,0.4257395259220866,-1.2659714152893744,4.688763955327929,1.1874597659169428,3.099841915469573
174,1298517988204381.0,-0.09772610710699428,-1.1095075632091116,5.367398126583079,1.2336244716242408,3.3088965914091157
175,1586013452313430.8,0.02784586325712113,-1.114508026014311,4.836453945409409,1.1598874058169928,3.2855343341485113
176,1937161205134762.8,-0.5229488280130657,-1.1603646342159828,4.891751232416214,1.827836933060439,3.8906670449948972
177,2366054038952467.5,-1.1644996136539931,-0.7192457226590087,4.805147087097248,1.2763626461884463,3.679678680163555
178,2889904929132562.5,-1.2766842783643577,-0.8680181771714901,5.358424885036159,1.450857080693212,3.9666749951104903
179,3529737851263166.5,-0.6457734596456807,-0.8153454295135704,5.09190725348729,1.5378387262257898,4.011049782343911
180,4311231547115195.5,-0.7890885905988709,-0.5251609578020405,5.040851117885191,1.7795238277789038,3.7659342077873266
181,5265750102713651.0,-1.2264610474096336,0.1543276864591772,5.1483352302551415,2.0330871006388787,3.7465512635752667
182,6431601699236623.0,-0.6830611305524423,0.055692378837996326,4.898254062349335,1.3781523042219606,3.7664374857137686
183,7855576054835269.0,-1.026535737489681,0.7945426714228145,5.072653036139881,1.9969753673323474,3.5424030195570193
184,9594822260312742.0,-1.0333488593427078,1.0290695145102475,5.0765572095390095,1.1427030882620808,3.3861443217260114
185,1.1719142372802612e+16,-0.9528779542253769,0.8370783604393887,5.224010739643405,1.10860294228988,3.9533874496134045
186,1.4313792817412868e+16,-0.7611029699212664,0.7522412400342426,5.018159946390845,1.977368190874307,3.321455242430376
187,1.748290602692123e+16,-0.5189911154569233,1.064582318342195,5.084741066389156,1.905654122286466,3.750835188851891
188,2.1353669641936708e+16,-0.16940109200540582,0.5307307526471968,5.110067690691209,1.1461117621026644,3.4071563573948804
189,2.6081430997502468e+16,-0.3939750362256532,0.5515324249279941,5.242461761218427,1.318605209077758,3.3360344407592533
190,3.1855931757113756e+16,0.29334235884430454,0.49778084052304206,5.696005880160978,1.461578491718819,3.389910524946756
191,3.8908922911901e+16,0.9567544229451741,0.8704724626263431,5.398868506976098,1.508593465299402,3.3164188769202267
192,4.75234657616371e+16,0.2144940082985901,1.0207090787069601,5.252693703602446,1.636177408071895,3.390533308475622
193,5.804529215859412e+16,0.5416640553439369,0.19914737802891047,5.707337105224245,1.8847003413517274,4.109363641077069
194,7.089667994071943e+16,1.245834690519713,0.6661260311056172,4.976504917205175,1.2441080466684493,3.850249036680859
195,8.659340042399374e+16,0.4696000046708817,0.12157009934543955,5.587420658860419,1.6599539118531912,3.601551200055988
196,1.0576541811633429e+17,1.2535315413652084,-0.07970503525496443,5.638363913496876,1.6739012803951319,3.248660957318285
197,1.2918217340525374e+17,1.2742607775461499,-0.46870302423175814,4.86614179503409,1.8051562705155786,3.4694834508449697
198,1.577834629023027e+17,1.2273776762087887,0.05245875665127969,5.466058684330562,1.331856717444429,3.6592995263740127
199,1.9271715678093453e+17,0.5716220117827928,-0.9335822272635786,4.95749373262989,1.7266565276652603,3.2227641488638734
200,2.3538526683702e+17,1.0574499780053639,-0.26230464592487923,5.320940035782036,1.8382314522770171,3.207515618133901
201,2.8750021414500458e+17,0.11212452112418159,-0.4520090377418282,5.782626238882171,1.2056859060821927,4.0310544474397005
202,3.5115355452834656e+17,0.3001683528793514,-0.7167804497649991,5.251695930979997,1.653354574779176,4.1650414604549795
203,4.288999200386713e+17,0.6404715369761592,-1.0378240726536578,5.4900081144819985,1.682141862245809,3.6180923072797615
204,5.238595453099072e+17,0.22222412962645088,-0.6928447627743923,5.377972855659984,1.3133374806804057,3.7709319878050405
205,6.398434935300549e+17,-0.12120163493233427,-0.9885664211023018,4.944472292898546,1.1801803709356942,3.497236052623571
206,7.815066077884502e+17,-0.5671354715070327,-0.9458709845832948,5.388639015927357,1.272902722973998,4.15012394881086
207,9.545343262732069e+17,-0.9711722286335084,-0.8395176997475186,5.7840089038685685,1.5588542741611606,3.3223489046605454
208,1.1658708588686577e+18,-0.95884714266379,-0.7446215908846606,4.920417812391992,1.1221851629786705,3.4672317410458446
209,1.4239978826807386e+18,-0.477621475249851,-0.2870037974778431,5.6640209287952175,1.4224384640403696,3.963256826062507
210,1.739274941520501e+18,-1.2285740293152363,-0.3989256996056351,5.728492335424715,2.037641953000618,3.952686083834659
211,2.124355210772014e+18,-0.6547561596199225,-0.19034069055836408,5.804867405679931,1.7834906509264012,4.018742041154162
212,2.594693313748856e+18,-1.4926054834942923,-0.34383317359117166,5.475772795519506,1.874705469048549,3.9068610059649
213,3.1691655699926124e+18,-0.5342465127868594,-0.20593471798305682,5.552994570789522,1.1753477208056735,4.09040882470946
214,3.8708275682552074e+18,-0.740990374686784,-0.030122147087446483,5.54739019761246,1.6020326240353802,3.9002675177073507
215,4.727839468229346e+18,-0.6489175063269907,0.749421082828796,5.825150703758754,1.5643359098370249,4.249283244621229
216,5.774596166633851e+18,-0.5654732390384671,0.4797926232811045,5.769522506979762,1.7673686838470868,3.768836865847562
217,7.053107685187699e+18,-0.8838910332450454,0.6803401189971204,5.091366488718935,1.216106172930703,3.852720654524305
218,8.614685180288971e+18,-0.20785464471480952,1.2812335069150564,5.229805287642556,1.5467854843842952,4.195748802423593
219,1.0522000239886445e+19,-0.2094133879797883,1.408652332945959,5.120410069289639,1.3310204353093094,3.7597604941719256
220,1.2851600114359308e+19,0.46145412267368935,1.3944635454201244,5.609250965705115,1.2836417492165555,4.0313362652720395
221,1.5696979826450057e+19,0.2897422901477157,0.8210446359047493,5.47339218098563,1.298384330905784,3.8489347602880817
222,1.9172334454810563e+19,0.6418213820720451,0.7931564581622188,5.693614286790458,2.1449175627930237,3.9357385562723293
223,2.3417142183474946e+19,0.3313510910513081,0.7370059000094745,5.035955183950408,1.6773381599490351,3.9670861755531277
224,2.8601762051125035e+19,0.593421028008722,0.3810859523951359,5.499140644876458,1.2627971987535354,3.5270151090694224
225,3.4934271057485095e+19,0.6202077847373685,0.3506470401046373,5.511592593619365,1.7440911575664981,3.504835864075387
226,4.266881502392741e+19,1.2915287244817577,0.5623032391885188,5.446628987593146,1.2967868213305112,4.219943314417092
227,5.211580835765081e+19,1.1630216042172223,0.037787277763827926,5.674636582586548,1.7214784873170168,3.762111291615213
228,6.365439207178171e+19,1.1274628907781272,-0.020692440828899386,5.622729851453818,1.7831862816880737,3.4583731807562166
229,7.77476500454827e+19,1.0905421599205647,-0.023309423030835552,5.738574650544866,1.394552325237753,3.332594871161926
230,9.496119420602448e+19,0.7499687586343612,-0.20339627014085543,5.059938989633544,1.9506290342040011,3.476514839555099
231,1.1598586452142218e+20,0.6411410450041517,-0.196141573455634,5.764594412103429,1.4970759357305354,3.348551810564463
232,1.4166545483405623e+20,1.053634468766249,-0.6421724780845596,5.466467011727814,2.057918009664781,3.9327260682329452
233,1.7303057727033174e+20,0.22378783309382844,-0.8999504175531909,5.685659232071038,2.0714042462099753,3.55629422830793
234,2.1134002432402866e+20,0.3574989066400961,-1.4191087734476366,5.2940600268314215,1.2714455965739209,3.789536736636721
235,2.5813128861900675e+20,-0.06238784877607409,-0.8037839205935046,6.038632053133677,2.0211435595442184,3.4501741792067673
236,3.1528226788669456e+20,-0.5177007034503859,-0.9746902135008001,5.600241962631214,1.8518407160707806,3.973145474091496
237,3.8508663159580066e+20,-0.7519460605287991,-0.48110594622056313,5.480442649055137,1.8693530747173264,4.3266081173040565
238,4.7034587396172146e+20,-0.18429968018298226,-0.6722656601747031,5.470798450298043,1.724477977604736,4.151074563693203
239,5.7448174774609976e+20,-0.35083344219151014,-1.1578337370289655,5.845250394717046,2.1544183352730997,3.4591066022729504
240,7.016735912097631e+20,-0.7039952224253657,-0.9525461523590462,5.65430505235619,1.7449404618353859,3.4895554531089585
241,8.570260596317587e+20,-1.164870526283194,-0.001999102817432319,5.680675455330485,1.6699538502990283,3.922744122748516
242,1.0467739930493678e+21,-0.7018345840077495,-0.45293321736736847,5.113978282149012,1.2713936168916262,4.15896150134245
243,1.278532642280836e+21,-1.3211472546744343,-0.4293168447133383,5.650335435060823,1.6540011284673506,3.483478273975171
244,1.561603295679616e+21,-0.5830764613406124,0.058309459069534525,5.651758536334845,1.4749482866668244,3.678465634559455
245,1.9073465724950998e+21,-0.482620816899329,0.4521046435553747,5.174699539227794,1.346133937723018,3.859185123345
246,2.3296383644128678e+21,-0.9988964894650653,0.7155953816462586,6.0295159973715515,1.6404005473671348,3.527950543696957
247,2.845426723809611e+21,-0.3376428322101397,0.9015413478270596,5.202226937586322,1.5109629293611713,4.1356814061375
248,3.475412048603725e+21,-0.9708946294255775,0.5903998602292612,5.868854724331876,1.5868744930732772,3.8581449703901853
249,4.2448778619076577e+21,-0.6789824950240486,0.5770077483109339,5.367613636482437,1.4872714544404226,4.217536108440693
250,5.184705528587072e+21,-0.6823990090381582,1.1806339241051305,5.675289088960582,1.2500116602824995,3.454769670667845
251,6.33261363286455e+21,0.10492986317782901,0.8118793680291789,5.938038135338915,1.746613722764747,4.211908016267882
252,7.734671757543421e+21,0.25156302532562025,0.5433496152598312,6.123002614880788,1.7130670780954216,4.213338217478294
253,9.447149418127129e+21,0.08448497593935889,1.1135452754459574,5.19600247322504,1.5387014227413396,4.0606368321028325
254,1.153877435605167e+22,0.8334773990012311,0.8184538450095294,5.370308913211408,1.8158308486348493,3.681122327966378
255,1.4093490824269389e+22,0.22870900185985799,1.2112685480262766,5.523003794205287,1.5238087572454357,4.149663040669186
256,1.7213828564867724e+22,0.4250195066103566,0.739517112198219,5.915968351627584,1.3471096614334732,3.65957069033861
257,2.102501768762567e+22,0.5349887023825243,0.7940592585276909,5.453028829912365,2.046356122107914,3.497941036474261
258,2.568001459403242e+22,1.4443720648223075,-0.016717153241089022,5.9415238578771135,1.698109375874473,4.139502467701345
259,3.136564065474448e+22,1.242072292680645,0.43266390700146456,6.030471523273437,1.4633862015257457,4.250085214727613
260,3.831008000716577e+22,0.7223707421954109,0.12825853761817643,6.061104724070778,1.4122402860002392,3.5675057940909887
261,4.6792037386089184e+22,0.5746323321450878,-0.8485726524582836,5.489067798642886,2.1896318968020516,4.145115863603626
262,5.715192352330287e+22,1.2785160277384366,-0.5802634507867515,5.433698226214236,1.5067176366222643,3.851442629924386
263,6.980551702552141e+22,0.8780613464252442,-0.7888094406332427,6.180514455039054,2.2008685399101164,3.5722636266418277
264,8.526065102976818e+22,0.3933888456593462,-0.7263575015592636,6.081401610394741,2.0877179386349414,3.805393624530596
265,1.0413759433029089e+23,0.8693118304049503,-0.5865008035029922,5.272107786085954,2.1459378337627557,3.967623851491593
266,1.271939449431825e+23,0.4185086478537322,-1.1503798007581165,5.405226657656764,1.283739374218541,4.044345416321785
267,1.5535503517487524e+23,-0.05266568830716815,-0.5875165694720389,5.410896637624692,2.0364875408382304,3.9130977210580253
268,1.8975106845666335e+23,0.11133356068746816,-1.4645878032426431,6.128907369422673,1.66023994836389,3.5991254710226994
269,2.3176247837680683e+23,-0.6893087857135367,-0.9525128684251583,5.789297558344462,1.5100773409461317,4.367759885286377
270,2.830753303274694e+23,-0.5770990324272255,-1.1067073286432076,5.463991907853624,1.7685523652851054,3.9227998149804604
271,3.457489892290733e+23,-0.9961313724245955,-0.21458629314930844,6.205978999126271,1.5895499700001263,4.113455717078212
272,4.222987690754791e+23,-0.5185859451646493,-0.545403216655206,5.531674170869741,1.7473000230131452,3.624174689082703
273,5.157968813164363e+23,-0.9438713865352605,-0.5019568029633745,5.5712850556928935,1.7124645777661036,4.0934089655824275
274,6.299957334903064e+23,-0.7725516346113097,-0.33350578678449827,5.362445782616324,1.5639304053999714,3.9286836510900356
275,7.694785265142018e+23,-1.4458552620827603,-0.4074613779400574,5.700854866115257,1.763600284260523,3.8979303277743074
276,9.39843194629472e+23,-1.2004518701887998,0.41461745355362967,5.590332565479427,1.6424171009006403,3.5397272658771888
277,1.1479270701584976e+24,-0.46620478945403765,0.37874688691669345,5.635405110514625,1.5375163700083978,3.9991522046106023
278,1.4020812896583156e+24,-1.113735788612334,0.3930304029935684,5.719033547760784,1.3748070004318405,4.414616982043096
279,1.7125059543534275e+24,-0.9170332388132372,0.5864891901589597,5.407833249667,1.9956040140652527,3.5968102026593662
280,2.091659496012996e+24,-0.9429948794654414,0.8368388749965878,5.546528515363427,1.9185296430212628,3.900428553329759
281,2.5547586775621917e+24,-0.1577822122641323,0.45505256896293167,5.926852961084176,1.720874803977578,3.5863552037233806
282,3.120389295208075e+24,0.19583527149124194,1.3238623853527587,5.654523384993505,1.5038902463505779,4.43042272949156
283,3.8112520917006224e+24,-0.3936406616316289,0.6854099435718827,5.520884589721345,1.76824261997249,4.229759435526063
284,4.6550738168468373e+24,0.15382367108227912,1.3489265045172534,5.604459162230528,1.3356822622666966,3.846903673450146
285,5.685719999335932e+24,0.3267140400884232,0.826319702854054,5.963927116858388,1.2561706051231054,4.430945713489201
286,6.944554089315367e+24,0.6740191719995601,0.5980586993108084,6.287610733383592,1.9938375951594831,4.466894119020188
287,8.482097518882239e+24,0.6719804649194945,0.19598576270077772,5.622315783867771,1.9163454218411533,3.979158458246474
288,1.036005730454633e+25,1.3248520824840027,0.5768953250976447,5.519169909157374,1.697411266387641,3.57386015227494
289,1.2653802566470247e+25,0.6782169583866161,-0.1373355223483157,5.612196502507748,1.896776896038086,4.214839454533937
290,1.545538935590104e+25,1.291308791603493,0.3318320576375748,5.623321317617692,1.454695310934091,4.4369343448019425
291,1.8877255187736913e+25,0.8736506955272206,0.37633191339276084,5.791080448715383,1.3654147387326467,4.280832293864246
292,2.3056731552795143e+25,0.8610606537943603,-0.7063869430521255,5.959594603137626,1.4905668026884822,4.442784237250005
293,2.816155551274268e+25,1.2342422619252975,-0.33018562675128865,5.815710257576556,1.579498801289035,3.9515639583135136
294,3.4396601577344503e+25,0.9060419632216646,-0.40411568805336995,5.391902918648162,1.9970473825950452,3.995017154048255
295,4.2012104037905144e+25,0.6084847761116291,-0.7872887055276051,5.403652838733928,1.3368737211108856,3.8451262338299594
296,5.131369974800949e+25,0.022630306664237376,-1.2850473043783224,5.40788027672941,1.837086783614791,4.396859416807444
297,6.267469440362134e+25,0.4507566055473928,-1.389564011669024,5.78585741464268,1.7552463884099638,4.449467939194362
298,7.6551044611429084e+25,0.23629555246419853,-1.2532513520468715,5.9177517269705,1.3514561060448824,4.181983845626739
299,9.349965702844129e+25,-0.43021934747299106,-0.5677620219534052,5.572451958614661,1.9173156890713567,4.0960805664039865
300,1.1420073898156842e+26,-0.6810434664416632,-0.7533363917690116,6.17468386550635,2.094006813945014,4.03876182046047
301,1.394850975760177e+26,-0.2663427456527182,-0.9128310699891241,5.84893449182423,1.771453621223157,4.271969673268562
302,1.703674829015877e+26,-0.9155317796174186,-0.3339196863312538,5.504817574731231,1.395034303540343,3.7284827741552387
303,2.080873135168054e+26,-1.0992707787986609,-0.5976092020747451,5.856994521400726,1.3303187971198596,4.3833330290110855
304,2.5415841866756503e+26,-0.5055147732403491,-0.027849971021327913,5.728080874441124,1.4936806769103899,4.582877927229491
305,3.10429793570192e+26,-0.7913950703058239,0.1776275973945894,5.499587413933535,1.4705414384940616,3.7206467422349636
306,3.791598060817257e+26,-0.8839231920255688,0.4140017724375617,6.307810090870505,2.021705370581566,4.212011984669763
307,4.6310683293169294e+26,-0.6175093101285762,-0.12875841060921647,5.681907026110235,2.2837775758691836,3.9671600458162386
308,5.6563996306559236e+26,-0.601613819904717,-0.1532439051748976,6.403869935874585,1.424784906300203,4.356449037615919
309,6.908742110139282e+26,-1.2438238585780734,0.538870678411119,6.091500246925332,2.157879844884712,3.9031775558979254
310,8.438356668741454e+26,-1.2184718997260175,0.28821122863527115,5.536837113513811,2.0345210777280838,4.566721135386075
311,1.0306632109540105e+27,-0.42953058309730785,0.3660075657436651,5.893878256472728,2.080798084548994,4.385677121255946
312,1.25885488859344e+27,-0.7063240454811552,1.3893323454957047,6.21677566481233,1.6757832500773668,4.2311474353735505
313,1.5375688330514453e+27,-0.584610125764925,1.0319367206962191,5.728640681096306,1.619493324974492,4.140253356516729
314,1.877990813550141e+27,-0.35646412436356983,0.7314417482093905,5.634803503543341,1.8615801797506193,3.945724426909842
315,2.29378315946961e+27,-0.199202774304113,0.7949504011213396,6.298202653652393,1.9907446469020227,4.56733354613614
316,2.801633077597538e+27,-0.07260434314439884,0.6690194783547311,5.6983225296679985,1.3165695913916342,4.109187928019267
317,3.4219223683303836e+27,0.8895992672038471,1.1711517737378494,5.883031973557195,1.7452802269103675,4.415737831956313
318,4.179545418888723e+27,1.1215757342064108,0.7221238635280526,6.376158542259203,1.9726232939258432,4.1589973960431745
319,5.104908302486367e+27,0.32896637670914153,0.3427171470349045,6.42292820331344,1.656906270802637,4.047961627723306
320,6.235149080811617e+27,1.3702072652757527,0.4392437186892164,6.4389522572927165,1.6221341834441567,4.1986701785038765
321,7.615628284843178e+27,0.6575048936463002,-0.03140772889583446,5.653688295895309,1.3258813629925563,4.650401353470982
322,9.301749392230088e+27,1.393797736892279,0.3094339771266552,5.52368655841383,1.8348768651365206,4.279942270845249
323,1.1361182363384384e+28,1.2139679264469128,0.3015057015346077,5.529640199268459,1.60515535389294,4.3325063298997355
324,1.3876579474598403e+28,0.8104697118439804,-0.008438817761744155,6.263015883271705,2.2674007172732815,4.412550305822473
325,1.6948892444103338e+28,0.7854679798184497,-0.14995500216347124,5.6873323349592955,1.7228871424234815,4.359291328226684
326,2.070142397898794e+28,0.475652745932834,-0.8937819600041633,5.86401393080132,1.8072853434277891,4.666000552038668
327,2.5284776345779016e+28,0.11564646648398558,-0.77367260458059,5.588130210744526,1.6211681107211755,4.37341265986774
328,3.088289556819716e+28,0.6334479517516811,-0.4816430586000279,5.876200360032316,1.5901389961941201,4.547365029608703
329,3.7720453826968604e+28,0.059374030242535375,-1.3195468582120253,5.62409493962376,1.8040844002661138,4.344944077436141
330,4.607186634331292e+28,0.005919353610561839,-1.0270056177034534,5.9797843158140855,1.7984039444103592,4.241447212796204
331,5.627230462530925e+28,0.002521727920280409,-0.8251465030635624,6.0255246736583326,2.1166175710818633,3.9320647413504246
332,6.87311480773822e+28,-0.2293355927771955,-1.286371470586527,5.59729333845769,1.5319712395681537,4.3548223840637315
333,8.394841383322872e+28,-0.40746151066987635,-0.45303362135395486,6.010997705804438,1.698604632716307,4.318165100815698
334,1.025348241990772e+29,-0.2776086918812938,-0.7036345626794946,6.123014955069153,1.431815417655337,4.005595803105788
335,1.2523631708422137e+29,-0.8824752086337627,-0.5688537299395682,6.4492985943317915,1.8694123246967345,4.466968527099919
336,1.5296398310849002e+29,-0.5666553418303625,0.0393562312191571,6.211951623799079,2.1407282938465775,4.537242034620833
337,1.8683063086787588e+29,-1.4509683753431768,-0.15678046550157745,6.346657091547097,1.994229988533343,3.953744471283504
338,2.2819544785082557e+29,-0.9120724603989353,-0.18255290852675218,5.903930938411915,2.122132935384048,4.19949436489679
339,2.7871854940459433e+29,-0.6989332726096886,0.5438116727275534,5.774865484910457,2.0058271675927855,4.050835459886687
340,3.404276049931741e+29,-0.6607574367114875,0.5009022421228104,5.623916476849095,1.3778779956575988,3.819279219733902
341,4.157992156925248e+29,-0.6332073327605132,0.7767412641872898,6.223398546375849,2.1394749115730796,3.791779405420967
342,5.0785830888768654e+29,-0.3091987680087084,0.5287558697040522,6.073666725156325,1.7047542033312384,4.3266696916096
343,6.2029953922997285e+29,-0.3138153999704801,0.6466903927152036,6.459889656714214,2.236261858741873,4.642184073564391
344,7.576355681009735e+29,0.0585350171935195,0.5207335349451604,5.744835102849758,2.031762846647713,3.804265887302458
345,9.253781725587787e+29,-0.5096423308083613,1.2583576859833245,5.973704611945854,2.2995432365859827,4.452164700126986
346,1.1302594523045132e+30,-0.3616111658462583,0.8545598061209692,5.897862720166195,2.093241296717193,4.097869763129839
347,1.3805020124813393e+30,0.46371710855559856,1.1799849759285173,6.336004674753326,1.5730198958818031,3.999143634856396
348,1.6861489656903537e+30,0.5964390367376768,1.2261073863983283,5.962960679110249,1.4533843746471031,4.273934928130674
349,2.0594669973631215e+30,0.6709014278089995,0.8977512758157643,6.379888669750013,2.0830616893989315,4.295316245425224
350,2.515438670919167e+30,0.7339758610277597,0.9000869055969919,5.994537150175038,1.8201958330889667,4.529421618380736
351,3.072363730643431e+30,1.0079433077331363,0.8792614163481263,5.971346982474325,2.0666726932815247,4.6475962308419
352,3.752593534679166e+30,1.4415145176648183,0.5079533903238055,6.001804868780568,2.160187838697272,4.540017367272316
353,4.5834280935111027e+30,0.8652134320496863,0.45555940084785895,5.928360571204699,1.9822496996472032,4.403389491967003
354,5.598211715243286e+30,0.9850981614753422,0.04502353523635015,5.762314366381411,1.3768822505684142,4.5817662352665
355,6.837671229762744e+30,1.1373745764363297,-0.3645040932412519,6.200204017360102,1.931904286586144,4.698961405229697
356,8.351550499424679e+30,1.0324538698763437,-0.13405797736809233,5.872532816385882,2.0979767426659546,4.217117114576073
357,1.0200606814911277e+31,0.6324252548281563,-0.21567829572726227,5.670540494309245,1.4331877183730115,3.8364826404017087
358,1.2459049298639916e+31,0.6343850714698429,-0.7699815936059613,6.238195613492207,2.1756638328347435,4.626894815017317
359,1.5217517177412367e+31,0.7998186313506817,-0.5559593445385889,6.178584316918013,1.3787653770882797,3.846321074563612
360,1.8586717452841279e+31,0.017213796575138385,-1.298215675485259,5.752691318386708,1.9046122562340495,4.54977791224647
361,2.270186796204417e+31,-0.17069321799177892,-1.3507056261383314,6.433188916429887,2.2504245813177612,4.002823741164304
362,2.7728124144228824e+31,0.3002752728408654,-0.8126985162054445,5.843797137472193,2.185126063140499,4.737440180686079
363,3.3867207308368295e+31,-0.027036008534002565,-0.7241425478292328,6.063665732479273,2.097571419191141,4.731147854039575
364,4.136550041762342e+31,-0.9598691585169333,-0.4503474365379583,6.117153726127056,1.5556655539945952,4.2037546573124835
365,5.052393630276104e+31,-0.21054286539302292,-1.126021776895737,6.107922225488426,1.4679173871139493,4.759084765862017
366,6.171007515330125e+31,-0.6724615663676737,-0.9024960448019708,5.980987169014325,1.83987783414668,4.742832717893566
367,7.537285599851372e+31,-1.072299190079752,-0.7188731117757885,5.763829383832039,2.2621443401022203,4.055119031699647
368,9.20606142069929e+31,-1.036839464473017,-0.17930502381848695,5.94262790967332,2.31169411138106,4.758775685443776
369,1.1244308811034078e+32,-1.3373461407738536,-0.19942284640491054,5.837771836115384,1.3754040699971593,3.822091076898565
370,1.3733829795401761e+32,-1.3290756697982942,-0.16341296686336806,6.12809107738798,2.1138600515974124,4.308615667388494
371,1.677453759220608e+32,-0.9529082637902068,-0.10987473747331072,5.841868858409364,1.4657555057022533,4.628610687341707
372,2.0488466481982018e+32,-1.082417602106205,0.8549100447487766,6.165680718992181,1.8832807440452282,4.037426271644012
373,2.5024669471564744e+32,-1.0542627022113096,0.39523460882136274,5.8249473657308934,1.4019110607437126,4.599149926704545
374,3.0565200314615865e+32,-0.1292227986441885,0.5824098455877211,6.323174941927121,1.80396765693114,4.608206150195434
375,3.7332419967990015e+32,-0.31193747069382793,1.0769269815484988,6.718157194529756,2.051600584654299,3.8564041926795456
376,4.559792071769693e+32,-0.2369779600322494,1.0642470285217298,6.161459115211559,2.3166773622709163,4.357960471026751
377,5.5693426130963944e+32,-0.07017195449741148,1.4398911389207307,5.753854282356856,2.29060705918958,4.057985909742026
378,6.802410428774827e+32,0.2657114667646328,0.7138443520675672,5.9710893756706005,1.635478427839574,4.502030705711356
379,8.3084828598431e+32,-0.009850035792739131,0.6371947487019418,6.173896628109459,1.8044119888388543,4.707544716182626
380,1.0148003881138887e+33,0.6129005913984812,0.8782063022780463,6.263663190567565,1.7742673475293713,4.810324674238965
381,1.239479993024318e+33,0.804298296561696,0.4054120614870892,6.435298671293021,2.155871432185295,3.8935822196532754
382,1.5139042821642545e+33,1.2238056596512463,0.5083811342629013,6.311564352885816,2.1916827948809567,4.518766140825921
383,1.8490868658258913e+33,0.47809361462791444,0.40252654342047295,6.196942321785858,1.5120809555895276,4.249606296267348
384,2.258479797997494e+33,0.88695761237697,-0.060238694234135,6.392705413092171,1.7721850825713625,3.8509755057085155
385,2.7585134545231703e+33,1.2640696513197334,-0.165783799625778,6.24275212037514,2.2538199463418707,4.082265443651212
386,3.369255941776548e+33,1.424274937759566,-0.4709030725659584,6.540647055687012,2.037261360503407,4.8041799049965785
387,4.115218500233428e+33,0.9815743526512025,-0.10123759533733756,6.687639921945747,2.351598957363109,4.105396278953367
388,5.026339226616809e+33,0.41457134356569014,-0.2725862167619577,6.634565626441127,1.8180280606325008,4.835729635633899
389,6.139184594838443e+33,0.6884331539251036,-0.3514260673422661,6.6847918370839,1.4503741819936735,4.406327187494894
390,7.498416996990121e+33,1.0031492140038019,-0.995227520101461,6.329085472424563,1.7867233325327487,4.042702579238883
391,9.158587201958857e+33,0.6454199629128905,-0.921870829301871,6.224172570933568,1.905128970881628,4.399739200714983
392,1.1186323669323013e+34,0.5508947142977351,-0.5329406046571951,5.963584831825012,2.331662916381926,4.175556580011884
393,1.3663006583383364e+34,0.06991583073427865,-0.5683296206564099,6.140406881160226,1.9607156038252906,4.48510502172961
394,1.6688033925705046e+34,-0.592158836527779,-1.1530339268029428,6.137004593556419,1.8419091608805074,4.806138893762427
395,2.0382810665126688e+34,-0.7869723247024933,-0.8168051624087489,6.339505183211771,1.4921240434151466,3.922342616796146
396,2.4895621165442335e+34,-0.8958422356665341,-1.0353903868298637,6.306281240711801,2.3449999033966895,4.588306476623259
397,3.0407580357582054e+34,-0.8087061668890008,-0.4472000653036766,6.218187224383768,1.614941637936107,4.769888854305888
398,3.71399025177273e+34,-1.2433990649919175,-0.7993682600747165,6.521978159605553,1.7658895878696355,4.359810982273524
399,4.5362779372952095e+34,-0.9090775648926861,-0.6055285697000684,6.158567455057399,2.081712093439556,3.952992872306518
400,5.54062238439351e+34,-0.8663036800317169,0.3000288790445293,6.790941658444174,1.6751735785085056,4.371931348014816
401,6.767331462222229e+34,-1.162925578455368,0.2516559431663593,5.850296569298813,1.9255151717996637,4.178114087916572
402,8.265637313342349e+34,-1.1466503302778905,0.7692850225324898,6.5928719468217984,2.008929723193666,4.086502489891573
403,1.0095672212467846e+35,-0.8031967682354777,0.855395599617548,5.8421683458671865,1.9341669008683662,4.7266895993016975
404,1.2330881885789248e+35,-1.1969724685605727,0.9886923875816053,5.997188115507066,1.4955274395218994,4.84220688339741
405,1.5060973145850306e+35,-0.8090846466908348,0.5112669837381396,6.815317356815858,1.9334451850465404,4.646080314019301
406,1.8395514140917866e+35,-0.6576329165821393,0.6914726890412976,6.643717625570899,2.30065030221256,4.710562883454928
407,2.246833170949155e+35,-0.4181728415630907,1.1057248796381636,6.608376116443418,1.5974337481559866,4.077655976380808
408,2.7442882321230272e+35,0.02040105288047718,1.371347241786789,6.6973382514547595,1.6983998784343592,3.904793852506209
409,3.351881215901571e+35,0.03354924049872379,0.9776082947727581,6.068096699500707,2.3771664634930048,4.2776661457055125
410,4.0939969621274545e+35,0.3050863184903715,1.002800609660417,6.829619079023387,1.8061320927524456,3.9979373421087354
411,5.0004191814418434e+35,0.09416170668585527,0.861829259546277,6.054133695017156,2.387813792087862,3.95329151896723
412,6.107525780170104e+35,0.6203954001854733,0.6581126664489741,5.905202292941325,1.4860446477410367,4.781976622042196
413,7.459748833434024e+35,0.800362478136313,0.9080448775665474,6.368783266702239,1.9834765649934494,4.211199097376723
414,9.111357800338451e+35,0.8932859688370159,0.46033283579743733,6.226292691098489,2.3683124704373704,4.518365438371361
415,1.1128637547917594e+36,0.5635934329052582,0.44097285130019986,6.562288390544662,2.258185022572785,4.193077572285182
416,1.3592548595591418e+36,1.3551314947524227,0.2762407192842936,6.476259091976705,1.531258204465502,4.692138113953326
417,1.6601976345081547e+36,0.9684765256241918,-0.2718578321375528,6.433182281491118,2.2076270779469676,4.908080475317369
418,2.0277699698792267e+36,0.7496008397970522,0.06845470012634985,6.746356667089909,1.8741137381912487,4.379788334962468
419,2.476723834124859e+36,0.7900731171265165,-0.6272112321145797,6.524160031884686,1.9506543294115701,4.88924547270587
420,3.0250773222011426e+36,0.7151815442733537,-0.8215680108696738,5.911561216845638,2.2850827721736926,4.464133666267774
421,3.6948377849842664e+36,0.2271097666073918,-0.7675649686163792,6.337880448915777,2.0695415937931334,4.484250970871499
422,4.5128850615342083e+36,0.14366185806851034,-0.8138117412487734,6.831357383993931,1.9337115766078679,3.9600534135736796
423,5.512050261417647e+36,-0.09203122019056215,-0.7457131776240485,6.175975767237297,1.6310371697065016,4.855938452518385
424,6.732433392413019e+36,-0.16938571059524218,-1.103902600500923,6.323383448740398,2.3769668869774434,4.02789611004605
425,8.223012714622913e+36,-0.004925088004343187,-0.5707583464841105,6.7195764245971485,2.2466187957398533,4.4420430302453
426,1.00436104100266e+37,-0.5144788353405203,-0.7733674839421345,6.1982126505341695,1.4664065644815247,4.892805084557345
427,1.226729345669272e+37,-0.769594233730753,-1.3363739461861583,6.058275665241983,2.200432607588504,4.931137273358745
428,1.498330606316452e+37,-0.37319533309621256,-0.828104694602063,6.599813417915048,2.3597411667100863,4.774366334525064
429,1.8300651351907193e+37,-0.9647522430300272,-0.4308583116085217,6.484639603421318,1.6472537697373635,3.9894610807396482
430,2.235246603734715e+37,-0.9301084779740132,-0.003155365185114889,6.003779084726801,2.02678950298106,4.104441926835731
431,2.730136366969741e+37,-1.4111667774203955,-0.4502057365058182,6.321659712615432,2.322412905399237,4.923697595013022
432,3.3345960887702366e+37,-1.3645266535126543,-0.43764091531128974,6.255849309306852,2.2631332115625318,4.670570694077142
433,4.0728848601740352e+37,-0.6990898239822376,0.26583238595626946,6.730424413021887,2.2957259620861143,4.118748836881932
434,4.974632801885379e+37,-1.2874873804974656,0.8048226214973271,6.432665995147971,1.5344975433335262,4.962460762775898
435,6.076030225056872e+37,-0.6992182099803426,0.8981490948724375,6.896808507295839,2.2363803392962462,4.170543350437049
436,7.421280075549042e+37,-0.9134962015644124,1.1514540274379592,6.780416429753702,1.8113212974830066,4.384098316404902
437,9.06437195335474e+37,-0.27102158892650374,1.2090162375135278,6.343759740354526,1.818206919143124,4.526842467882332
438,1.107124890481704e+38,0.05721588599763888,1.1187714430074698,6.8863810258510325,1.9846907593410106,4.8498280300475
439,1.352245394862133e+38,-0.030280754685784034,0.49932972628330563,6.830868148197782,1.691593939375493,4.236725509485584
440,1.6516362549940018e+38,0.3122934635894747,0.5317519651579905,6.898221353522273,1.9471785713432346,4.66376741609058
441,2.0173130773270133e+38,0.3437733511433294,0.835618272069407,6.674628814358507,1.6618414939308805,4.175632882803754
442,2.4639517567198008e+38,0.25517999761720395,1.328422730076811,6.1145225598286315,1.812833483458733,4.61137473566232
443,3.0094774716311265e+38,0.8061793606750947,1.0610945901549442,6.253544113857475,1.7578468115466799,3.9965757568378666
444,3.6757840844711625e+38,0.8755592662947321,0.634728351822907,6.8930942855873125,2.394444013523664,4.535119368569874
445,4.4896128191743455e+38,1.279104782465926,0.3794802711566707,6.696810142937981,2.043071401057504,4.7754564885470305
446,5.483625480410817e+38,0.5503277700041483,0.8266743759994886,6.17175477460205,1.9695495269578487,4.621801743064993
447,6.697715286491177e+38,1.1316673267451889,0.26649584627957923,6.262315230268722,1.987076410647452,4.319496490656579
448,8.180607924291763e+38,1.079551415260272,-0.3189147948054407,6.719821189468595,2.428553771090461,4.797992416007376
449,9.991817082156928e+38,1.1702577037694515,-0.2852093829957204,6.3816469067604915,1.9506165619774283,4.7455678102262135
450,1.2204032943178408e+39,1.1840150707063213,-0.33812567826337697,6.887743961502024,2.396202021894023,4.2048357442157105
451,1.4906039497475725e+39,0.3986478650625036,-0.4816893952042909,6.172504533948292,2.214996302816589,4.156014822941909
452,1.8206277755461333e+39,0.8452234677682162,-0.8171561358592415,6.7407942509768635,1.6642351206044452,4.635480095546938
453,2.2237197866350368e+39,-0.0003825537747425556,-0.8916252246839823,6.940737596122221,2.144291138153554,4.299313088739672
454,2.716057480771386e+39,0.25607114073654447,-1.0560309959974918,6.0956935590611945,1.6921608048003796,4.392724159163444
455,3.317400098335743e+39,-0.31280951272253765,-0.9713100644009042,6.248118368670396,2.3595090959026317,4.835991634918383
456,4.051881630028106e+39,-0.44703071039858877,-1.4716946113895735,6.923237829464341,1.8152757234619297,4.922034902894378
457,4.9489793986548677e+39,-0.13104001119487813,-1.4428046269953327,7.01384460465674,2.3023079608236774,4.028111145818144
458,6.044697087594846e+39,-0.2771368955546997,-1.300269505892183,6.620087995163503,2.1180847476898688,4.889027290478506
459,7.38300969503111e+39,-0.9580748028814868,-0.43715148311140517,6.769315396709731,1.6755310378382973,4.176647576348664
460,9.017628405034299e+39,-0.5968712394736859,-0.5645173283824333,6.792602838782899,2.1672134864153154,4.930976241662637
461,1.1014156205972418e+40,-0.9243229317306157,-0.03116096944186475,6.430504188971974,2.0989617758160293,4.133518646244178
462,1.34527207687817e+40,-0.8378544281163539,-0.2133971942822651,6.510316617815236,2.424861088644177,4.822435456318484
463,1.6431190251748382e+40,-1.1723830530324766,-0.4084205183100832,6.112424794377503,2.3553101412603197,4.184415575020299
464,2.0069101093340026e+40,-0.5022877424672149,-0.25169775723216087,6.53599352946953,2.329325930355011,4.460387506136316
465,2.451245542920086e+40,-1.0782906974293,0.42864450714198415,6.562786346490036,1.7497579675001829,4.628521864169616
466,2.9939580670504245e+40,-0.48648081123096965,0.8936337305500011,6.756599633141393,2.213462440888277,5.0162714191056486
467,3.6568286409112893e+40,-0.92676512316642,0.37277502451634315,6.215145938586887,1.5390125773602716,5.009866374086866
468,4.466460588128103e+40,-0.6430273165956052,0.8484579858425324,6.436990303097015,2.4699257759797613,4.756802127390869
469,5.455347281553375e+40,-0.0957454693603384,0.8789306533129294,6.3370748087917415,2.357795392459863,4.955174281146218
470,6.663176216410896e+40,-0.623757809885817,0.7754606904026641,7.028677862867882,1.5796936520280247,4.577405914945909
471,8.138421808831536e+40,-0.203074719434263,0.9282524345318662,6.385063794484863,1.529232793193159,4.662275359152271
472,9.940290844377744e+40,0.3054174023466932,0.897764586990293,6.241903403917978,2.3494935547389675,4.757537127805256
473,1.2141098654237123e+41,0.27822140313596255,1.008492634950487,6.218192401332704,2.4243571974159153,4.561258932026331
474,1.482917138337999e+41,0.16537318062052075,0.7118394526029743,6.131361908814828,1.803045791360046,4.790516950453973
475,1.8112390828890233e+41,0.2978747045097715,0.37696012376882526,6.836016388111827,2.4686122769825793,4.710285697249011
476,2.2122524115281557e+41,0.733957886748803,0.34980404113274965,6.972196094036507,2.216550212186702,4.121744033884149
477,2.7020511971869844e+41,0.8695457228521504,0.6074415379940943,6.516672621099911,1.5382861515737216,4.3510889572856986
478,3.300292784934134e+41,0.7949113247993139,-0.050175138387094115,6.351089285338437,2.3190426650649805,5.017657132253518
479,4.030986710254671e+41,1.18413231557468,0.19296173507160053,6.205723477250859,1.7142146840280286,4.834795171722919
480,4.923458286012058e+41,1.3965693385902331,-0.017235068235525314,6.716014865730398,1.8603963757147792,4.521251980780299
481,6.0135255302216876e+41,0.4690696278760621,0.018206569783322524,6.63455230855595,2.2045046926580545,4.235854460157785
482,7.344936668879388e+41,0.6808524530855632,-0.7854904890067304,6.9742914180873745,1.797061400421823,4.614701366010232
483,8.971125905880952e+41,0.7502662879150623,-1.0924460901165787,6.902498068085171,1.7633038453410523,4.230699255184427
484,1.0957357925245179e+42,1.055284609085398,-0.9911533528306768,6.509265326948304,1.8779263213901616,4.802082066336204
485,1.3383347192042695e+42,0.5186677246110363,-0.7388359209587168,6.473678189812198,2.472383152536979,4.86856811338818
486,1.6346457173776158e+42,-0.02384037849833076,-1.11922829120339,6.330152365413854,1.5139728560729453,4.732891992433412
487,1.996560787819735e+42,0.48866558219572853,-0.6745052801310631,6.408618874641369,1.9003866837762753,4.774005990936306
488,2.4386048530774383e+42,0.20310330511159844,-1.0383110097583106,7.089391186390922,2.4488676861063983,4.103348624480947
489,2.978518693611567e+42,-0.7084874529102914,-1.2033712206826297,6.532561200509193,1.6454782234084357,4.463420352440661
490,3.637970947608805e+42,-0.7364728798794709,-1.0565893040736474,6.221827497719062,2.2433121844606707,5.020364653294019
491,4.443427749515973e+42,-0.9857929537362823,-0.9941825287973598,6.969115384218728,2.0692965486570003,4.735078376778177
492,5.4272149089442614e+42,-1.3109649819552773,-0.22071698017326735,6.462434428268069,1.5794415255810241,5.057748650566825
493,6.62881525891244e+42,-0.6636081470025319,-0.12161994499030832,6.218110886534485,1.833211901812363,4.176867861322497
494,8.096453240569898e+42,-1.2516554666827329,-0.06031217916884893,6.86637609926566,2.3979236410290117,4.6409362078966945
495,9.889030319346946e+42,-0.6661699887243472,0.13018858921851117,6.638724984479395,2.3791122674660623,4.442745840724718
496,1.207848890757994e+43,-0.6481585245809659,-0.15441930111970428,6.894692003075403,1.913201043228907,4.548939858396787
497,1.4752699666125198e+43,-0.868941009398524,0.054770528583891975,7.023267329862458,2.355160857247477,4.961304196850824
498,1.8018988062513729e+43,-0.7967884616382247,0.3058922764572767,6.335464890914435,1.6149341922091676,4.161493197993556
499,2.2008441718809505e+43,-1.0372242440182868,1.0684961814717355,6.595865345462123,2.3856206387779917,4.6794073030864745
